store_id,barcode,name,brand,category,aisle,price_rupees,mrp_rupees,discount_rupees,weight_grams,stock,cost_rupees,supplier,sku,image_url
store_1,SNAP0000000001,India Gate Classic Basmati Rice 1 kg,India Gate,,,210.00,220.00,10.00,1000,20,,,SMSKU-000001,
store_1,SNAP0000000002,India Gate Classic Basmati Rice 5 kg,India Gate,,,999.00,1050.00,51.00,5000,12,,,SMSKU-000002,
store_1,SNAP0000000003,Daawat Rozana Basmati Rice 1 kg,Daawat,,,140.00,150.00,10.00,1000,18,,,SMSKU-000003,
store_1,SNAP0000000004,Daawat Rozana Basmati Rice 5 kg,Daawat,,,680.00,720.00,40.00,5000,10,,,SMSKU-000004,
store_1,SNAP0000000005,Fortune Everyday Basmati Rice 1 kg,Fortune,,,125.00,130.00,4.81,1000,22,,,SMSKU-000005,
store_1,SNAP0000000006,Fortune Everyday Basmati Rice 5 kg,Fortune,,,599.00,625.00,26.00,5000,8,,,SMSKU-000006,
store_1,SNAP0000000007,Sona Masoori HMT Sona Masoori Rice 1 kg,Sona Masoori,,,58.00,60.00,2.00,1000,30,,,SMSKU-000007,
store_1,SNAP0000000008,Sona Masoori HMT Sona Masoori Rice 5 kg,Sona Masoori,,,265.00,280.00,15.00,5000,14,,,SMSKU-000008,
store_1,SNAP0000000009,Sona Masoori HMT Sona Masoori Rice 10 kg,Sona Masoori,,,520.00,540.00,20.00,10000,6,,,SMSKU-000009,
store_1,SNAP0000000010,24 Mantra Organic Sonamasuri Brown Rice 1 kg,24 Mantra Organic,,,138.00,145.00,6.67,1000,15,,,SMSKU-000010,
store_1,SNAP0000000011,Kohinoor Super Silver Aged Basmati Rice 1 kg,Kohinoor,,,245.00,260.00,15.00,1000,10,,,SMSKU-000011,
store_1,SNAP0000000012,Kohinoor Super Silver Aged Basmati Rice 5 kg,Kohinoor,,,1190.00,1250.00,60.00,5000,5,,,SMSKU-000012,
store_1,SNAP0000000013,BB Royal Ponni Boiled Rice 1 kg,BB Royal,,,52.00,55.00,3.00,1000,35,,,SMSKU-000013,
store_1,SNAP0000000014,BB Royal Ponni Boiled Rice 5 kg,BB Royal,,,245.00,260.00,15.00,5000,12,,,SMSKU-000014,
store_1,SNAP0000000015,Fortune Biryani Special Basmati Rice 1 kg,Fortune,,,180.00,190.00,10.00,1000,14,,,SMSKU-000015,
store_1,SNAP0000000016,Dawat Brown Basmati Rice 1 kg,Dawat,,,170.00,180.00,10.00,1000,8,,,SMSKU-000016,
store_1,SNAP0000000017,Sri Lalitha Idli Rice 1 kg,Sri Lalitha,,,55.00,58.00,3.00,1000,25,,,SMSKU-000017,
store_1,SNAP0000000018,Sri Lalitha Idli Rice 5 kg,Sri Lalitha,,,260.00,275.00,15.00,5000,10,,,SMSKU-000018,
store_1,SNAP0000000019,Tata Sampann Toor Dal 500 g,Tata Sampann,,,75.00,80.00,5.00,500,25,,,SMSKU-000019,
store_1,SNAP0000000020,Tata Sampann Toor Dal 1 kg,Tata Sampann,,,145.00,155.00,10.00,1000,15,,,SMSKU-000020,
store_1,SNAP0000000021,Tata Sampann Moong Dal 500 g,Tata Sampann,,,88.00,95.00,7.00,500,20,,,SMSKU-000021,
store_1,SNAP0000000022,Tata Sampann Moong Dal 1 kg,Tata Sampann,,,175.00,185.00,10.00,1000,12,,,SMSKU-000022,
store_1,SNAP0000000023,Tata Sampann Chana Dal 500 g,Tata Sampann,,,65.00,70.00,5.00,500,22,,,SMSKU-000023,
store_1,SNAP0000000024,Tata Sampann Chana Dal 1 kg,Tata Sampann,,,128.00,135.00,7.00,1000,14,,,SMSKU-000024,
store_1,SNAP0000000025,Tata Sampann Masoor Dal 500 g,Tata Sampann,,,70.00,75.00,5.00,500,18,,,SMSKU-000025,
store_1,SNAP0000000026,Tata Sampann Masoor Dal 1 kg,Tata Sampann,,,138.00,145.00,7.00,1000,10,,,SMSKU-000026,
store_1,SNAP0000000027,Tata Sampann Urad Dal 500 g,Tata Sampann,,,85.00,90.00,4.73,500,16,,,SMSKU-000027,
store_1,SNAP0000000028,Tata Sampann Urad Dal 1 kg,Tata Sampann,,,165.00,175.00,10.00,1000,8,,,SMSKU-000028,
store_1,SNAP0000000029,24 Mantra Organic Organic Toor Dal 500 g,24 Mantra Organic,,,105.00,110.00,4.78,500,10,,,SMSKU-000029,
store_1,SNAP0000000030,BB Royal Rajma (Red Kidney Beans) 500 g,BB Royal,,,80.00,85.00,5.00,500,14,,,SMSKU-000030,
store_1,SNAP0000000031,BB Royal Rajma (Red Kidney Beans) 1 kg,BB Royal,,,155.00,165.00,10.00,1000,8,,,SMSKU-000031,
store_1,SNAP0000000032,BB Royal Kabuli Chana 500 g,BB Royal,,,90.00,95.00,5.00,500,12,,,SMSKU-000032,
store_1,SNAP0000000033,BB Royal Kabuli Chana 1 kg,BB Royal,,,175.00,185.00,10.00,1000,7,,,SMSKU-000033,
store_1,SNAP0000000034,BB Royal Black Urad Whole 500 g,BB Royal,,,82.00,88.00,6.00,500,15,,,SMSKU-000034,
store_1,SNAP0000000035,Fortune Arhar Dal 1 kg,Fortune,,,150.00,160.00,10.00,1000,11,,,SMSKU-000035,
store_1,SNAP0000000036,Aashirvaad Whole Wheat Atta 1 kg,Aashirvaad,,,58.00,62.00,4.00,1000,30,,,SMSKU-000036,
store_1,SNAP0000000037,Aashirvaad Whole Wheat Atta 5 kg,Aashirvaad,,,279.00,295.00,16.00,5000,15,,,SMSKU-000037,
store_1,SNAP0000000038,Aashirvaad Whole Wheat Atta 10 kg,Aashirvaad,,,545.00,570.00,25.00,10000,8,,,SMSKU-000038,
store_1,SNAP0000000039,Aashirvaad Multigrains Atta 1 kg,Aashirvaad,,,70.00,75.00,5.00,1000,20,,,SMSKU-000039,
store_1,SNAP0000000040,Aashirvaad Multigrains Atta 5 kg,Aashirvaad,,,335.00,355.00,20.00,5000,10,,,SMSKU-000040,
store_1,SNAP0000000041,Pillsbury Chakki Fresh Atta 1 kg,Pillsbury,,,56.00,60.00,4.00,1000,25,,,SMSKU-000041,
store_1,SNAP0000000042,Pillsbury Chakki Fresh Atta 5 kg,Pillsbury,,,270.00,285.00,15.00,5000,12,,,SMSKU-000042,
store_1,SNAP0000000043,Fortune Chakki Atta 1 kg,Fortune,,,55.00,58.00,3.00,1000,22,,,SMSKU-000043,
store_1,SNAP0000000044,Fortune Chakki Atta 5 kg,Fortune,,,260.00,275.00,15.00,5000,10,,,SMSKU-000044,
store_1,SNAP0000000045,Rajdhani Besan (Gram Flour) 500 g,Rajdhani,,,60.00,65.00,5.00,500,18,,,SMSKU-000045,
store_1,SNAP0000000046,Rajdhani Besan (Gram Flour) 1 kg,Rajdhani,,,118.00,125.00,7.00,1000,12,,,SMSKU-000046,
store_1,SNAP0000000047,BB Royal Maida (All Purpose Flour) 500 g,BB Royal,,,32.00,35.00,3.00,500,20,,,SMSKU-000047,
store_1,SNAP0000000048,BB Royal Maida (All Purpose Flour) 1 kg,BB Royal,,,60.00,65.00,5.00,1000,14,,,SMSKU-000048,
store_1,SNAP0000000049,BB Royal Rava (Semolina) 500 g,BB Royal,,,38.00,40.00,2.00,500,22,,,SMSKU-000049,
store_1,SNAP0000000050,BB Royal Rava (Semolina) 1 kg,BB Royal,,,70.00,75.00,5.00,1000,15,,,SMSKU-000050,
store_1,SNAP0000000051,Fortune Sunlite Refined Sunflower Oil 1 L,Fortune,,,150.00,160.00,10.00,1000,25,,,SMSKU-000051,
store_1,SNAP0000000052,Fortune Sunlite Refined Sunflower Oil 2 L,Fortune,,,295.00,310.00,15.00,2000,12,,,SMSKU-000052,
store_1,SNAP0000000053,Fortune Sunlite Refined Sunflower Oil 5 L,Fortune,,,710.00,745.00,35.00,5000,6,,,SMSKU-000053,
store_1,SNAP0000000054,Saffola Gold Refined Oil 1 L,Saffola,,,198.00,210.00,12.00,1000,20,,,SMSKU-000054,
store_1,SNAP0000000055,Saffola Gold Refined Oil 2 L,Saffola,,,390.00,410.00,20.00,2000,10,,,SMSKU-000055,
store_1,SNAP0000000056,Saffola Gold Refined Oil 5 L,Saffola,,,950.00,990.00,40.00,5000,5,,,SMSKU-000056,
store_1,SNAP0000000057,Sundrop Heart Lite Sunflower Oil 1 L,Sundrop,,,165.00,175.00,10.00,1000,18,,,SMSKU-000057,
store_1,SNAP0000000058,Sundrop Heart Lite Sunflower Oil 2 L,Sundrop,,,320.00,340.00,20.00,2000,8,,,SMSKU-000058,
store_1,SNAP0000000059,Nature Fresh Kachi Ghani Mustard Oil 1 L,Nature Fresh,,,180.00,190.00,10.00,1000,15,,,SMSKU-000059,
store_1,SNAP0000000060,Nature Fresh Kachi Ghani Mustard Oil 5 L,Nature Fresh,,,870.00,910.00,40.00,5000,4,,,SMSKU-000060,
store_1,SNAP0000000061,Dhara Refined Groundnut Oil 1 L,Dhara,,,210.00,220.00,10.00,1000,12,,,SMSKU-000061,
store_1,SNAP0000000062,Dhara Refined Groundnut Oil 5 L,Dhara,,,1000.00,1050.00,50.00,5000,4,,,SMSKU-000062,
store_1,SNAP0000000063,KLF Coconad Pure Coconut Oil 500 ml,KLF Coconad,,,122.00,130.00,8.00,500,20,,,SMSKU-000063,
store_1,SNAP0000000064,KLF Coconad Pure Coconut Oil 1 L,KLF Coconad,,,238.00,250.00,12.00,1000,10,,,SMSKU-000064,
store_1,SNAP0000000065,Figaro Olive Oil 250 ml,Figaro,,,305.00,320.00,14.30,250,8,,,SMSKU-000065,
store_1,SNAP0000000066,Figaro Olive Oil 500 ml,Figaro,,,570.00,600.00,30.00,500,5,,,SMSKU-000066,
store_1,SNAP0000000067,Fortune Rice Bran Health Oil 1 L,Fortune,,,175.00,185.00,10.00,1000,14,,,SMSKU-000067,
store_1,SNAP0000000068,Fortune Rice Bran Health Oil 5 L,Fortune,,,840.00,880.00,40.00,5000,5,,,SMSKU-000068,
store_1,SNAP0000000069,MDH Garam Masala 50 g,MDH,,,55.00,58.00,3.00,50,30,,,SMSKU-000069,
store_1,SNAP0000000070,MDH Garam Masala 100 g,MDH,,,105.00,110.00,4.78,100,20,,,SMSKU-000070,
store_1,SNAP0000000071,MDH Chana Masala 100 g,MDH,,,65.00,70.00,5.00,100,22,,,SMSKU-000071,
store_1,SNAP0000000072,MDH Kitchen King Masala 100 g,MDH,,,90.00,95.00,5.00,100,18,,,SMSKU-000072,
store_1,SNAP0000000073,MDH Pav Bhaji Masala 100 g,MDH,,,68.00,72.00,4.00,100,15,,,SMSKU-000073,
store_1,SNAP0000000074,MDH Sambhar Masala 100 g,MDH,,,64.00,68.00,4.00,100,20,,,SMSKU-000074,
store_1,SNAP0000000075,Everest Turmeric Powder 100 g,Everest,,,40.00,42.00,2.00,100,35,,,SMSKU-000075,
store_1,SNAP0000000076,Everest Turmeric Powder 200 g,Everest,,,75.00,80.00,5.00,200,20,,,SMSKU-000076,
store_1,SNAP0000000077,Everest Turmeric Powder 500 g,Everest,,,180.00,190.00,10.00,500,10,,,SMSKU-000077,
store_1,SNAP0000000078,Everest Red Chilli Powder 100 g,Everest,,,52.00,55.00,3.00,100,30,,,SMSKU-000078,
store_1,SNAP0000000079,Everest Red Chilli Powder 200 g,Everest,,,100.00,105.00,5.00,200,18,,,SMSKU-000079,
store_1,SNAP0000000080,Everest Red Chilli Powder 500 g,Everest,,,238.00,250.00,12.00,500,8,,,SMSKU-000080,
store_1,SNAP0000000081,Everest Coriander Powder 100 g,Everest,,,35.00,38.00,3.00,100,28,,,SMSKU-000081,
store_1,SNAP0000000082,Everest Coriander Powder 200 g,Everest,,,68.00,72.00,4.00,200,15,,,SMSKU-000082,
store_1,SNAP0000000083,Everest Cumin Powder 100 g,Everest,,,80.00,85.00,5.00,100,20,,,SMSKU-000083,
store_1,SNAP0000000084,Everest Cumin Powder 200 g,Everest,,,155.00,165.00,10.00,200,10,,,SMSKU-000084,
store_1,SNAP0000000085,Catch Black Pepper Powder 50 g,Catch,,,85.00,90.00,5.00,50,15,,,SMSKU-000085,
store_1,SNAP0000000086,Catch Black Pepper Powder 100 g,Catch,,,165.00,175.00,10.00,100,10,,,SMSKU-000086,
store_1,SNAP0000000087,Catch Sprinklers Table Salt 200 g,Catch,,,25.00,28.00,3.00,200,40,,,SMSKU-000087,
store_1,SNAP0000000088,Tata Iodised Salt 1 kg,Tata,,,22.00,24.00,2.00,1000,50,,,SMSKU-000088,
store_1,SNAP0000000089,Sakthi Chicken Masala 50 g,Sakthi,,,33.00,35.00,2.00,50,25,,,SMSKU-000089,
store_1,SNAP0000000090,Sakthi Chicken Masala 100 g,Sakthi,,,60.00,65.00,5.00,100,18,,,SMSKU-000090,
store_1,SNAP0000000091,Sakthi Fish Curry Powder 50 g,Sakthi,,,30.00,32.00,2.00,50,22,,,SMSKU-000091,
store_1,SNAP0000000092,Sakthi Fish Curry Powder 100 g,Sakthi,,,56.00,60.00,4.00,100,14,,,SMSKU-000092,
store_1,SNAP0000000093,Eastern Biryani Masala 50 g,Eastern,,,56.00,60.00,4.00,50,16,,,SMSKU-000093,
store_1,SNAP0000000094,Eastern Rasam Powder 100 g,Eastern,,,48.00,52.00,4.00,100,20,,,SMSKU-000094,
store_1,SNAP0000000095,Tata Rock Salt 1 kg,Tata,,,32.00,35.00,3.00,1000,30,,,SMSKU-000095,
store_1,SNAP0000000096,Nutrela Soya Chunks 200 g,Nutrela,,,75.00,80.00,5.00,200,20,,,SMSKU-000096,
store_1,SNAP0000000097,Nutrela Soya Chunks 500 g,Nutrela,,,175.00,185.00,10.00,500,10,,,SMSKU-000097,
store_1,SNAP0000000098,Maggi Coconut Milk 200 ml,Maggi,,,50.00,55.00,5.00,200,15,,,SMSKU-000098,
store_1,SNAP0000000099,MTR Vermicelli 440 g,MTR,,,45.00,48.00,3.00,440,18,,,SMSKU-000099,
store_1,SNAP0000000100,Bambino Vermicelli 850 g,Bambino,,,60.00,65.00,5.00,850,12,,,SMSKU-000100,
store_1,SNAP0000000101,Aachi Jaggery Powder 500 g,Aachi,,,65.00,70.00,5.00,500,16,,,SMSKU-000101,
store_1,SNAP0000000102,Manna Barnyard Millet 500 g,Manna,,,112.00,120.00,8.00,500,10,,,SMSKU-000102,
store_1,SNAP0000000103,Manna Foxtail Millet 500 g,Manna,,,108.00,115.00,7.00,500,12,,,SMSKU-000103,
store_1,SNAP0000000104,Manna Ragi Flour 500 g,Manna,,,88.00,95.00,7.00,500,14,,,SMSKU-000104,
store_1,SNAP0000000105,24 Mantra Organic Jaggery 500 g,24 Mantra Organic,,,105.00,110.00,4.78,500,8,,,SMSKU-000105,
store_1,SNAP0000000106,Sri Sri Tattva Poha (Flattened Rice) Thick 500 g,Sri Sri Tattva,,,50.00,55.00,5.00,500,20,,,SMSKU-000106,
store_1,SNAP0000000107,BB Royal Sugar Sulphurless 1 kg,BB Royal,,,45.00,48.00,3.00,1000,35,,,SMSKU-000107,
store_1,SNAP0000000108,BB Royal Sugar Sulphurless 5 kg,BB Royal,,,220.00,230.00,10.00,5000,12,,,SMSKU-000108,
store_1,SNAP0000000109,Aachi Tamarind Block 200 g,Aachi,,,37.00,40.00,3.00,200,18,,,SMSKU-000109,
store_1,SNAP0000000110,Aachi Tamarind Block 500 g,Aachi,,,85.00,90.00,5.00,500,10,,,SMSKU-000110,
store_1,SNAP0000000111,Eastern Papad – Cumin 200 g,Eastern,,,60.00,65.00,5.00,200,15,,,SMSKU-000111,
store_1,SNAP0000000112,Lay&apos;s Classic Salted Chips 28 g,Lay&apos;s,,,20.00,20.00,0.00,28,40,,,SMSKU-000112,
store_1,SNAP0000000113,Lay&apos;s Classic Salted Chips 52 g,Lay&apos;s,,,30.00,30.00,0.00,52,30,,,SMSKU-000113,
store_1,SNAP0000000114,Lay&apos;s Classic Salted Chips 90 g,Lay&apos;s,,,50.00,50.00,0.00,90,20,,,SMSKU-000114,
store_1,SNAP0000000115,Lay&apos;s Classic Salted Chips 180 g,Lay&apos;s,,,95.00,99.00,4.00,180,10,,,SMSKU-000115,
store_1,SNAP0000000116,Lay&apos;s Magic Masala Chips 28 g,Lay&apos;s,,,20.00,20.00,0.00,28,40,,,SMSKU-000116,
store_1,SNAP0000000117,Lay&apos;s Magic Masala Chips 52 g,Lay&apos;s,,,30.00,30.00,0.00,52,30,,,SMSKU-000117,
store_1,SNAP0000000118,Lay&apos;s Magic Masala Chips 90 g,Lay&apos;s,,,50.00,50.00,0.00,90,18,,,SMSKU-000118,
store_1,SNAP0000000119,Lay&apos;s American Style Cream &amp; Onion 52 g,Lay&apos;s,,,30.00,30.00,0.00,52,28,,,SMSKU-000119,
store_1,SNAP0000000120,Lay&apos;s American Style Cream &amp; Onion 90 g,Lay&apos;s,,,50.00,50.00,0.00,90,15,,,SMSKU-000120,
store_1,SNAP0000000121,Kurkure Masala Munch 30 g,Kurkure,,,10.00,10.00,0.00,30,45,,,SMSKU-000121,
store_1,SNAP0000000122,Kurkure Masala Munch 75 g,Kurkure,,,20.00,20.00,0.00,75,30,,,SMSKU-000122,
store_1,SNAP0000000123,Kurkure Masala Munch 115 g,Kurkure,,,30.00,30.00,0.00,115,22,,,SMSKU-000123,
store_1,SNAP0000000124,Kurkure Puffcorn Yummy Cheese 32 g,Kurkure,,,10.00,10.00,0.00,32,35,,,SMSKU-000124,
store_1,SNAP0000000125,Kurkure Puffcorn Yummy Cheese 68 g,Kurkure,,,20.00,20.00,0.00,68,20,,,SMSKU-000125,
store_1,SNAP0000000126,Bingo Mad Angles Achari Masti 36 g,Bingo,,,10.00,10.00,0.00,36,35,,,SMSKU-000126,
store_1,SNAP0000000127,Bingo Mad Angles Achari Masti 72 g,Bingo,,,20.00,20.00,0.00,72,22,,,SMSKU-000127,
store_1,SNAP0000000128,Bingo Tedhe Medhe Masala Tadka 35 g,Bingo,,,10.00,10.00,0.00,35,32,,,SMSKU-000128,
store_1,SNAP0000000129,Bingo Tedhe Medhe Masala Tadka 66 g,Bingo,,,20.00,20.00,0.00,66,20,,,SMSKU-000129,
store_1,SNAP0000000130,Haldiram&apos;s Aloo Bhujia 200 g,Haldiram&apos;s,,,75.00,80.00,5.00,200,18,,,SMSKU-000130,
store_1,SNAP0000000131,Haldiram&apos;s Aloo Bhujia 400 g,Haldiram&apos;s,,,145.00,155.00,10.00,400,10,,,SMSKU-000131,
store_1,SNAP0000000132,Haldiram&apos;s Moong Dal 200 g,Haldiram&apos;s,,,70.00,75.00,5.00,200,16,,,SMSKU-000132,
store_1,SNAP0000000133,Haldiram&apos;s Moong Dal 400 g,Haldiram&apos;s,,,135.00,145.00,10.00,400,8,,,SMSKU-000133,
store_1,SNAP0000000134,Haldiram&apos;s Namkeen Mixture 200 g,Haldiram&apos;s,,,68.00,72.00,4.00,200,15,,,SMSKU-000134,
store_1,SNAP0000000135,Haldiram&apos;s Namkeen Mixture 400 g,Haldiram&apos;s,,,132.00,140.00,8.00,400,8,,,SMSKU-000135,
store_1,SNAP0000000136,Pringles Original Salted Crisps 107 g,Pringles,,,140.00,149.00,9.00,107,12,,,SMSKU-000136,
store_1,SNAP0000000137,Pringles Sour Cream &amp; Onion 107 g,Pringles,,,140.00,149.00,9.00,107,10,,,SMSKU-000137,
store_1,SNAP0000000138,Too Yumm Veggie Stix Herbs &amp; Sundried Tomato 30 g,Too Yumm,,,20.00,20.00,0.00,30,18,,,SMSKU-000138,
store_1,SNAP0000000139,Parle Parle-G Gold Biscuits 100 g,Parle,,,20.00,20.00,0.00,100,50,,,SMSKU-000139,
store_1,SNAP0000000140,Parle Parle-G Gold Biscuits 250 g,Parle,,,40.00,40.00,0.00,250,30,,,SMSKU-000140,
store_1,SNAP0000000141,Parle Monaco Salted Biscuits 75 g,Parle,,,20.00,20.00,0.00,75,35,,,SMSKU-000141,
store_1,SNAP0000000142,Parle Monaco Salted Biscuits 200 g,Parle,,,45.00,45.00,0.00,200,20,,,SMSKU-000142,
store_1,SNAP0000000143,Britannia Good Day Cashew Cookies 75 g,Britannia,,,25.00,25.00,0.00,75,35,,,SMSKU-000143,
store_1,SNAP0000000144,Britannia Good Day Cashew Cookies 200 g,Britannia,,,52.00,55.00,3.00,200,18,,,SMSKU-000144,
store_1,SNAP0000000145,Britannia Marie Gold Biscuits 100 g,Britannia,,,22.00,22.00,0.00,100,40,,,SMSKU-000145,
store_1,SNAP0000000146,Britannia Marie Gold Biscuits 250 g,Britannia,,,45.00,48.00,3.00,250,22,,,SMSKU-000146,
store_1,SNAP0000000147,Britannia Jim Jam Cream Biscuits 100 g,Britannia,,,30.00,30.00,0.00,100,28,,,SMSKU-000147,
store_1,SNAP0000000148,Britannia Jim Jam Cream Biscuits 150 g,Britannia,,,38.00,40.00,2.00,150,18,,,SMSKU-000148,
store_1,SNAP0000000149,Britannia Bourbon Chocolate Cream 100 g,Britannia,,,30.00,30.00,0.00,100,25,,,SMSKU-000149,
store_1,SNAP0000000150,Britannia Bourbon Chocolate Cream 150 g,Britannia,,,40.00,42.00,2.00,150,15,,,SMSKU-000150,
store_1,SNAP0000000151,Sunfeast Dark Fantasy Choco Fills 75 g,Sunfeast,,,38.00,40.00,2.00,75,22,,,SMSKU-000151,
store_1,SNAP0000000152,Sunfeast Dark Fantasy Choco Fills 150 g,Sunfeast,,,70.00,75.00,5.00,150,14,,,SMSKU-000152,
store_1,SNAP0000000153,Sunfeast Mom&apos;s Magic Cashew &amp; Almond 200 g,Sunfeast,,,48.00,50.00,2.00,200,18,,,SMSKU-000153,
store_1,SNAP0000000154,McVitie&apos;s Digestive Biscuits Wholewheat 100 g,McVitie&apos;s,,,42.00,45.00,3.00,100,14,,,SMSKU-000154,
store_1,SNAP0000000155,McVitie&apos;s Digestive Biscuits Wholewheat 250 g,McVitie&apos;s,,,92.00,99.00,7.00,250,8,,,SMSKU-000155,
store_1,SNAP0000000156,Unibic Choco Chip Cookies 150 g,Unibic,,,56.00,60.00,4.00,150,16,,,SMSKU-000156,
store_1,SNAP0000000157,Oreo Original Cream Biscuits 120 g,Oreo,,,30.00,30.00,0.00,120,25,,,SMSKU-000157,
store_1,SNAP0000000158,Oreo Original Cream Biscuits 300 g,Oreo,,,60.00,65.00,5.00,300,12,,,SMSKU-000158,
store_1,SNAP0000000159,Cadbury Dairy Milk Chocolate 25 g,Cadbury,,,40.00,40.00,0.00,25,50,,,SMSKU-000159,
store_1,SNAP0000000160,Cadbury Dairy Milk Chocolate 55 g,Cadbury,,,80.00,80.00,0.00,55,30,,,SMSKU-000160,
store_1,SNAP0000000161,Cadbury Dairy Milk Chocolate 110 g,Cadbury,,,145.00,150.00,5.00,110,15,,,SMSKU-000161,
store_1,SNAP0000000162,Cadbury Dairy Milk Silk 60 g,Cadbury,,,95.00,99.00,4.00,60,25,,,SMSKU-000162,
store_1,SNAP0000000163,Cadbury Dairy Milk Silk 150 g,Cadbury,,,190.00,200.00,10.00,150,12,,,SMSKU-000163,
store_1,SNAP0000000164,Cadbury 5 Star Chocolate Bar 25 g,Cadbury,,,20.00,20.00,0.00,25,40,,,SMSKU-000164,
store_1,SNAP0000000165,Cadbury 5 Star Chocolate Bar 44 g,Cadbury,,,40.00,40.00,0.00,44,25,,,SMSKU-000165,
store_1,SNAP0000000166,Cadbury Gems Chocolate 18 g,Cadbury,,,20.00,20.00,0.00,18,40,,,SMSKU-000166,
store_1,SNAP0000000167,Cadbury Perk Wafer Chocolate 22 g,Cadbury,,,15.00,15.00,0.00,22,35,,,SMSKU-000167,
store_1,SNAP0000000168,Cadbury Celebrations Rich Dry Fruit Collection 135 g,Cadbury,,,220.00,230.00,10.00,135,8,,,SMSKU-000168,
store_1,SNAP0000000169,Nestle KitKat Wafer 18 g,Nestle,,,20.00,20.00,0.00,18,40,,,SMSKU-000169,
store_1,SNAP0000000170,Nestle KitKat Wafer 37 g,Nestle,,,40.00,40.00,0.00,37,25,,,SMSKU-000170,
store_1,SNAP0000000171,Nestle Munch Chocolate 18 g,Nestle,,,10.00,10.00,0.00,18,50,,,SMSKU-000171,
store_1,SNAP0000000172,Nestle Munch Chocolate 42 g,Nestle,,,20.00,20.00,0.00,42,30,,,SMSKU-000172,
store_1,SNAP0000000173,Ferrero Rocher Chocolate 200 g,Ferrero,,,550.00,575.00,25.00,200,6,,,SMSKU-000173,
store_1,SNAP0000000174,Amul Dark Chocolate 55% Cocoa 150 g,Amul,,,165.00,175.00,10.00,150,10,,,SMSKU-000174,
store_1,SNAP0000000175,Snickers Chocolate Bar 45 g,Snickers,,,50.00,50.00,0.00,45,22,,,SMSKU-000175,
store_1,SNAP0000000176,Mentos Mint Rolls 37 g,Mentos,,,20.00,20.00,0.00,37,30,,,SMSKU-000176,
store_1,SNAP0000000177,Pulse Kachcha Aam Candy 50 pcs,Pulse,,,50.00,50.00,0.00,,20,,,SMSKU-000177,
store_1,SNAP0000000178,Coca-Cola Classic 250 ml,Coca-Cola,,,20.00,20.00,0.00,250,50,,,SMSKU-000178,
store_1,SNAP0000000179,Coca-Cola Classic 500 ml,Coca-Cola,,,40.00,40.00,0.00,500,35,,,SMSKU-000179,
store_1,SNAP0000000180,Coca-Cola Classic 750 ml,Coca-Cola,,,45.00,45.00,0.00,750,20,,,SMSKU-000180,
store_1,SNAP0000000181,Coca-Cola Classic 1.25 L,Coca-Cola,,,72.00,75.00,3.00,1250,12,,,SMSKU-000181,
store_1,SNAP0000000182,Coca-Cola Classic 2 L,Coca-Cola,,,90.00,95.00,5.00,2000,8,,,SMSKU-000182,
store_1,SNAP0000000183,Pepsi Cola 250 ml,Pepsi,,,20.00,20.00,0.00,250,45,,,SMSKU-000183,
store_1,SNAP0000000184,Pepsi Cola 500 ml,Pepsi,,,40.00,40.00,0.00,500,30,,,SMSKU-000184,
store_1,SNAP0000000185,Pepsi Cola 2 L,Pepsi,,,90.00,95.00,5.00,2000,8,,,SMSKU-000185,
store_1,SNAP0000000186,Sprite Lemon Lime 250 ml,Sprite,,,20.00,20.00,0.00,250,40,,,SMSKU-000186,
store_1,SNAP0000000187,Sprite Lemon Lime 500 ml,Sprite,,,40.00,40.00,0.00,500,28,,,SMSKU-000187,
store_1,SNAP0000000188,Sprite Lemon Lime 2 L,Sprite,,,90.00,95.00,5.00,2000,7,,,SMSKU-000188,
store_1,SNAP0000000189,Thums Up Cola 250 ml,Thums Up,,,20.00,20.00,0.00,250,38,,,SMSKU-000189,
store_1,SNAP0000000190,Thums Up Cola 500 ml,Thums Up,,,40.00,40.00,0.00,500,24,,,SMSKU-000190,
store_1,SNAP0000000191,Thums Up Cola 2 L,Thums Up,,,90.00,95.00,5.00,2000,6,,,SMSKU-000191,
store_1,SNAP0000000192,Fanta Orange 250 ml,Fanta,,,20.00,20.00,0.00,250,30,,,SMSKU-000192,
store_1,SNAP0000000193,Fanta Orange 500 ml,Fanta,,,40.00,40.00,0.00,500,20,,,SMSKU-000193,
store_1,SNAP0000000194,Limca Lemon 250 ml,Limca,,,20.00,20.00,0.00,250,28,,,SMSKU-000194,
store_1,SNAP0000000195,Limca Lemon 500 ml,Limca,,,40.00,40.00,0.00,500,18,,,SMSKU-000195,
store_1,SNAP0000000196,Real Mixed Fruit Juice 200 ml,Real,,,28.00,30.00,2.00,200,25,,,SMSKU-000196,
store_1,SNAP0000000197,Real Mixed Fruit Juice 1 L,Real,,,108.00,115.00,7.00,1000,12,,,SMSKU-000197,
store_1,SNAP0000000198,Real Mango Juice 200 ml,Real,,,28.00,30.00,2.00,200,30,,,SMSKU-000198,
store_1,SNAP0000000199,Real Mango Juice 1 L,Real,,,108.00,115.00,7.00,1000,14,,,SMSKU-000199,
store_1,SNAP0000000200,Real Orange Juice 200 ml,Real,,,28.00,30.00,2.00,200,22,,,SMSKU-000200,
store_1,SNAP0000000201,Real Orange Juice 1 L,Real,,,108.00,115.00,7.00,1000,10,,,SMSKU-000201,
store_1,SNAP0000000202,Tropicana Mango Delight 200 ml,Tropicana,,,25.00,25.00,0.00,200,28,,,SMSKU-000202,
store_1,SNAP0000000203,Tropicana Mango Delight 1 L,Tropicana,,,105.00,110.00,5.00,1000,12,,,SMSKU-000203,
store_1,SNAP0000000204,Tropicana Apple Juice 200 ml,Tropicana,,,28.00,30.00,2.00,200,20,,,SMSKU-000204,
store_1,SNAP0000000205,Tropicana Apple Juice 1 L,Tropicana,,,115.00,120.00,5.00,1000,8,,,SMSKU-000205,
store_1,SNAP0000000206,Paper Boat Aam Panna 200 ml,Paper Boat,,,28.00,30.00,2.00,200,18,,,SMSKU-000206,
store_1,SNAP0000000207,Paper Boat Jaljeera 200 ml,Paper Boat,,,28.00,30.00,2.00,200,16,,,SMSKU-000207,
store_1,SNAP0000000208,Paper Boat Kokum 200 ml,Paper Boat,,,28.00,30.00,2.00,200,14,,,SMSKU-000208,
store_1,SNAP0000000209,Frooti Mango Drink 150 ml,Frooti,,,10.00,10.00,0.00,150,50,,,SMSKU-000209,
store_1,SNAP0000000210,Frooti Mango Drink 250 ml,Frooti,,,15.00,15.00,0.00,250,35,,,SMSKU-000210,
store_1,SNAP0000000211,Frooti Mango Drink 600 ml,Frooti,,,30.00,30.00,0.00,600,20,,,SMSKU-000211,
store_1,SNAP0000000212,Frooti Mango Drink 1.2 L,Frooti,,,52.00,55.00,3.00,1200,10,,,SMSKU-000212,
store_1,SNAP0000000213,Maaza Mango Drink 250 ml,Maaza,,,20.00,20.00,0.00,250,30,,,SMSKU-000213,
store_1,SNAP0000000214,Maaza Mango Drink 600 ml,Maaza,,,35.00,35.00,0.00,600,18,,,SMSKU-000214,
store_1,SNAP0000000215,B Natural Mixed Fruit Juice 1 L,B Natural,,,99.00,105.00,6.00,1000,10,,,SMSKU-000215,
store_1,SNAP0000000216,Tata Tea Gold Leaf Tea 100 g,Tata Tea,,,47.00,50.00,3.00,100,30,,,SMSKU-000216,
store_1,SNAP0000000217,Tata Tea Gold Leaf Tea 250 g,Tata Tea,,,115.00,120.00,5.00,250,20,,,SMSKU-000217,
store_1,SNAP0000000218,Tata Tea Gold Leaf Tea 500 g,Tata Tea,,,225.00,235.00,10.00,500,12,,,SMSKU-000218,
store_1,SNAP0000000219,Tata Tea Premium Leaf Tea 250 g,Tata Tea,,,100.00,105.00,5.00,250,18,,,SMSKU-000219,
store_1,SNAP0000000220,Tata Tea Premium Leaf Tea 500 g,Tata Tea,,,195.00,205.00,10.00,500,10,,,SMSKU-000220,
store_1,SNAP0000000221,Red Label Natural Care Tea 250 g,Red Label,,,128.00,135.00,7.00,250,16,,,SMSKU-000221,
store_1,SNAP0000000222,Red Label Natural Care Tea 500 g,Red Label,,,248.00,260.00,12.00,500,8,,,SMSKU-000222,
store_1,SNAP0000000223,Taj Mahal Rich &amp; Aromatic Tea Bags 25 pcs,Taj Mahal,,,112.00,120.00,8.00,,14,,,SMSKU-000223,
store_1,SNAP0000000224,Taj Mahal Rich &amp; Aromatic Tea Bags 100 pcs,Taj Mahal,,,399.00,420.00,21.00,,6,,,SMSKU-000224,
store_1,SNAP0000000225,Lipton Green Tea Pure &amp; Light 25 pcs,Lipton,,,138.00,145.00,7.00,,12,,,SMSKU-000225,
store_1,SNAP0000000226,Lipton Green Tea Pure &amp; Light 100 pcs,Lipton,,,450.00,470.00,20.00,,6,,,SMSKU-000226,
store_1,SNAP0000000227,Girnar Masala Chai Tea Bags 10 pcs,Girnar,,,80.00,85.00,5.00,,10,,,SMSKU-000227,
store_1,SNAP0000000228,Nescafe Classic Instant Coffee 50 g,Nescafe,,,148.00,155.00,7.00,50,18,,,SMSKU-000228,
store_1,SNAP0000000229,Nescafe Classic Instant Coffee 100 g,Nescafe,,,280.00,295.00,15.00,100,10,,,SMSKU-000229,
store_1,SNAP0000000230,Nescafe Sunrise Rich Instant Coffee 50 g,Nescafe,,,100.00,105.00,5.00,50,15,,,SMSKU-000230,
store_1,SNAP0000000231,Nescafe Sunrise Rich Instant Coffee 100 g,Nescafe,,,190.00,200.00,10.00,100,8,,,SMSKU-000231,
store_1,SNAP0000000232,Bru Instant Coffee 50 g,Bru,,,110.00,115.00,5.00,50,16,,,SMSKU-000232,
store_1,SNAP0000000233,Bru Instant Coffee 100 g,Bru,,,210.00,220.00,10.00,100,10,,,SMSKU-000233,
store_1,SNAP0000000234,Bru Gold Freeze Dried Coffee 50 g,Bru,,,220.00,230.00,10.00,50,8,,,SMSKU-000234,
store_1,SNAP0000000235,Continental XTRA Instant South Blend Coffee 50 g,Continental,,,90.00,95.00,5.00,50,12,,,SMSKU-000235,
store_1,SNAP0000000236,Continental XTRA Instant South Blend Coffee 100 g,Continental,,,170.00,180.00,10.00,100,6,,,SMSKU-000236,
store_1,SNAP0000000237,Horlicks Classic Malt 200 g,Horlicks,,,138.00,145.00,7.00,200,16,,,SMSKU-000237,
store_1,SNAP0000000238,Horlicks Classic Malt 500 g,Horlicks,,,310.00,325.00,15.00,500,10,,,SMSKU-000238,
store_1,SNAP0000000239,Horlicks Classic Malt 1 kg,Horlicks,,,570.00,600.00,30.00,1000,5,,,SMSKU-000239,
store_1,SNAP0000000240,Bournvita Chocolate Health Drink 200 g,Bournvita,,,118.00,125.00,7.00,200,18,,,SMSKU-000240,
store_1,SNAP0000000241,Bournvita Chocolate Health Drink 500 g,Bournvita,,,260.00,275.00,15.00,500,10,,,SMSKU-000241,
store_1,SNAP0000000242,Bournvita Chocolate Health Drink 1 kg,Bournvita,,,495.00,520.00,25.00,1000,5,,,SMSKU-000242,
store_1,SNAP0000000243,Complan Classic Chocolate Nutrition Drink 200 g,Complan,,,148.00,155.00,7.00,200,12,,,SMSKU-000243,
store_1,SNAP0000000244,Complan Classic Chocolate Nutrition Drink 500 g,Complan,,,340.00,355.00,15.00,500,6,,,SMSKU-000244,
store_1,SNAP0000000245,Protinex Original Health Supplement 250 g,Protinex,,,330.00,350.00,20.00,250,8,,,SMSKU-000245,
store_1,SNAP0000000246,Boost Chocolate Energy Drink 200 g,Boost,,,125.00,130.00,5.00,200,14,,,SMSKU-000246,
store_1,SNAP0000000247,Boost Chocolate Energy Drink 500 g,Boost,,,275.00,290.00,15.00,500,8,,,SMSKU-000247,
store_1,SNAP0000000248,Amul Taaza Toned Milk 500 ml,Amul,,,28.00,28.00,0.00,500,40,,,SMSKU-000248,
store_1,SNAP0000000249,Amul Taaza Toned Milk 1 L,Amul,,,54.00,54.00,0.00,1000,30,,,SMSKU-000249,
store_1,SNAP0000000250,Amul Gold Full Cream Milk 500 ml,Amul,,,34.00,34.00,0.00,500,35,,,SMSKU-000250,
store_1,SNAP0000000251,Amul Gold Full Cream Milk 1 L,Amul,,,66.00,66.00,0.00,1000,25,,,SMSKU-000251,
store_1,SNAP0000000252,Arokya Toned Milk 500 ml,Arokya,,,26.00,26.00,0.00,500,40,,,SMSKU-000252,
store_1,SNAP0000000253,Arokya Toned Milk 1 L,Arokya,,,50.00,50.00,0.00,1000,30,,,SMSKU-000253,
store_1,SNAP0000000254,Nandini Homogenised Toned Milk 500 ml,Nandini,,,25.00,25.00,0.00,500,30,,,SMSKU-000254,
store_1,SNAP0000000255,Nandini Homogenised Toned Milk 1 L,Nandini,,,48.00,48.00,0.00,1000,20,,,SMSKU-000255,
store_1,SNAP0000000256,Amul Slim N Trim Double Toned Milk 500 ml,Amul,,,26.00,26.00,0.00,500,22,,,SMSKU-000256,
store_1,SNAP0000000257,Amul Masti Dahi (Curd) 200 g,Amul,,,30.00,30.00,0.00,200,30,,,SMSKU-000257,
store_1,SNAP0000000258,Amul Masti Dahi (Curd) 400 g,Amul,,,55.00,55.00,0.00,400,22,,,SMSKU-000258,
store_1,SNAP0000000259,Amul Malai Paneer 200 g,Amul,,,85.00,90.00,5.00,200,18,,,SMSKU-000259,
store_1,SNAP0000000260,Amul Malai Paneer 500 g,Amul,,,200.00,210.00,10.00,500,10,,,SMSKU-000260,
store_1,SNAP0000000261,Mother Dairy Classic Curd 400 g,Mother Dairy,,,50.00,50.00,0.00,400,25,,,SMSKU-000261,
store_1,SNAP0000000262,Nestle a+ Probiotic Dahi 200 g,Nestle,,,35.00,35.00,0.00,200,20,,,SMSKU-000262,
store_1,SNAP0000000263,Nestle a+ Probiotic Dahi 400 g,Nestle,,,58.00,60.00,2.00,400,15,,,SMSKU-000263,
store_1,SNAP0000000264,Chitale Full Cream Paneer 200 g,Chitale,,,90.00,95.00,5.00,200,12,,,SMSKU-000264,
store_1,SNAP0000000265,Amul Pasteurised Butter 100 g,Amul,,,54.00,56.00,2.00,100,25,,,SMSKU-000265,
store_1,SNAP0000000266,Amul Pasteurised Butter 500 g,Amul,,,260.00,270.00,10.00,500,12,,,SMSKU-000266,
store_1,SNAP0000000267,Amul Pure Ghee 200 ml,Amul,,,115.00,120.00,5.00,200,20,,,SMSKU-000267,
store_1,SNAP0000000268,Amul Pure Ghee 500 ml,Amul,,,278.00,290.00,12.00,500,10,,,SMSKU-000268,
store_1,SNAP0000000269,Amul Pure Ghee 1 L,Amul,,,550.00,570.00,20.00,1000,5,,,SMSKU-000269,
store_1,SNAP0000000270,Nandini Table Butter 100 g,Nandini,,,48.00,50.00,2.00,100,18,,,SMSKU-000270,
store_1,SNAP0000000271,Patanjali Cow Ghee 500 ml,Patanjali,,,295.00,310.00,15.00,500,8,,,SMSKU-000271,
store_1,SNAP0000000272,Amul Processed Cheese Block 200 g,Amul,,,100.00,105.00,5.00,200,18,,,SMSKU-000272,
store_1,SNAP0000000273,Amul Cheese Slices 100 g,Amul,,,72.00,75.00,3.00,100,15,,,SMSKU-000273,
store_1,SNAP0000000274,Britannia Cheese Cubes 200 g,Britannia,,,105.00,110.00,5.00,200,12,,,SMSKU-000274,
store_1,SNAP0000000275,Amul Mozzarella Cheese Pizza 200 g,Amul,,,138.00,145.00,7.00,200,8,,,SMSKU-000275,
store_1,SNAP0000000276,Amul Vanilla Magic Ice Cream 750 ml,Amul,,,165.00,175.00,10.00,750,10,,,SMSKU-000276,
store_1,SNAP0000000277,Amul Chocolate Ice Cream Tub 750 ml,Amul,,,180.00,190.00,10.00,750,8,,,SMSKU-000277,
store_1,SNAP0000000278,Kwality Wall&apos;s Cornetto Butterscotch Cone 110 ml,Kwality Wall&apos;s,,,50.00,50.00,0.00,110,20,,,SMSKU-000278,
store_1,SNAP0000000279,Kwality Wall&apos;s Feast Chocolate Stick Bar 65 ml,Kwality Wall&apos;s,,,30.00,30.00,0.00,65,25,,,SMSKU-000279,
store_1,SNAP0000000280,Baskin Robbins Pralines &amp; Cream Tub 450 ml,Baskin Robbins,,,335.00,350.00,15.00,450,5,,,SMSKU-000280,
store_1,SNAP0000000281,Arun Triple Sundae Cup 100 ml,Arun,,,30.00,30.00,0.00,100,22,,,SMSKU-000281,
store_1,SNAP0000000282,McCain French Fries 420 g,McCain,,,168.00,175.00,7.00,420,12,,,SMSKU-000282,
store_1,SNAP0000000283,McCain French Fries 750 g,McCain,,,295.00,310.00,15.00,750,6,,,SMSKU-000283,
store_1,SNAP0000000284,McCain Smiles Potato Shapes 415 g,McCain,,,175.00,185.00,10.00,415,10,,,SMSKU-000284,
store_1,SNAP0000000285,Safal Frozen Green Peas 500 g,Safal,,,112.00,120.00,8.00,500,14,,,SMSKU-000285,
store_1,SNAP0000000286,Safal Frozen Green Peas 1 kg,Safal,,,218.00,230.00,12.00,1000,6,,,SMSKU-000286,
store_1,SNAP0000000287,Safal Frozen Mixed Vegetables 500 g,Safal,,,122.00,130.00,8.00,500,10,,,SMSKU-000287,
store_1,SNAP0000000288,ITC Master Chef Frozen Aloo Tikki 320 g,ITC Master Chef,,,132.00,140.00,8.00,320,10,,,SMSKU-000288,
store_1,SNAP0000000289,ITC Master Chef Frozen Veg Seekh Kebab 300 g,ITC Master Chef,,,155.00,165.00,10.00,300,8,,,SMSKU-000289,
store_1,SNAP0000000290,Sumeru Frozen Sweet Corn 500 g,Sumeru,,,118.00,125.00,7.00,500,10,,,SMSKU-000290,
store_1,SNAP0000000291,Godrej Yummiez Veg Spring Roll 320 g,Godrej Yummiez,,,150.00,160.00,10.00,320,8,,,SMSKU-000291,
store_1,SNAP0000000292,Maggi 2-Minute Masala Noodles 70 g,Maggi,,,14.00,14.00,0.00,70,60,,,SMSKU-000292,
store_1,SNAP0000000293,Maggi 2-Minute Masala Noodles 280 g,Maggi,,,50.00,52.00,2.00,280,30,,,SMSKU-000293,
store_1,SNAP0000000294,Maggi 2-Minute Masala Noodles 560 g,Maggi,,,95.00,99.00,4.00,560,15,,,SMSKU-000294,
store_1,SNAP0000000295,Maggi Atta Noodles 320 g,Maggi,,,68.00,72.00,4.00,320,12,,,SMSKU-000295,
store_1,SNAP0000000296,Yippee Magic Masala Noodles 70 g,Yippee,,,14.00,14.00,0.00,70,45,,,SMSKU-000296,
store_1,SNAP0000000297,Yippee Magic Masala Noodles 280 g,Yippee,,,45.00,48.00,3.00,280,20,,,SMSKU-000297,
store_1,SNAP0000000298,Top Ramen Curry Noodles 280 g,Top Ramen,,,52.00,55.00,3.00,280,15,,,SMSKU-000298,
store_1,SNAP0000000299,Knorr Classic Mixed Veg Soup 44 g,Knorr,,,45.00,48.00,3.00,44,20,,,SMSKU-000299,
store_1,SNAP0000000300,Knorr Hot &amp; Sour Veg Soup 44 g,Knorr,,,45.00,48.00,3.00,44,18,,,SMSKU-000300,
store_1,SNAP0000000301,Knorr Tomato Soup 53 g,Knorr,,,52.00,55.00,3.00,53,16,,,SMSKU-000301,
store_1,SNAP0000000302,MTR Ready to Eat Rajma Masala 300 g,MTR,,,92.00,99.00,7.00,300,10,,,SMSKU-000302,
store_1,SNAP0000000303,MTR Ready to Eat Palak Paneer 300 g,MTR,,,102.00,110.00,8.00,300,8,,,SMSKU-000303,
store_1,SNAP0000000304,MTR Ready to Eat Dal Makhani 300 g,MTR,,,92.00,99.00,7.00,300,10,,,SMSKU-000304,
store_1,SNAP0000000305,Maggi Pazzta Cheesy Tomato Twist 64 g,Maggi,,,38.00,40.00,2.00,64,15,,,SMSKU-000305,
store_1,SNAP0000000306,Ching&apos;s Secret Schezwan Instant Noodles 60 g,Ching&apos;s Secret,,,20.00,20.00,0.00,60,20,,,SMSKU-000306,
store_1,SNAP0000000307,Kellogg&apos;s Corn Flakes Original 250 g,Kellogg&apos;s,,,110.00,115.00,5.00,250,16,,,SMSKU-000307,
store_1,SNAP0000000308,Kellogg&apos;s Corn Flakes Original 475 g,Kellogg&apos;s,,,200.00,210.00,10.00,475,8,,,SMSKU-000308,
store_1,SNAP0000000309,Kellogg&apos;s Chocos Chocolate Cereal 250 g,Kellogg&apos;s,,,142.00,150.00,8.00,250,14,,,SMSKU-000309,
store_1,SNAP0000000310,Kellogg&apos;s Chocos Chocolate Cereal 700 g,Kellogg&apos;s,,,375.00,395.00,20.00,700,6,,,SMSKU-000310,
store_1,SNAP0000000311,Kellogg&apos;s Muesli Fruit &amp; Nut 500 g,Kellogg&apos;s,,,320.00,340.00,20.00,500,8,,,SMSKU-000311,
store_1,SNAP0000000312,Quaker Oats 400 g,Quaker,,,115.00,120.00,5.00,400,18,,,SMSKU-000312,
store_1,SNAP0000000313,Quaker Oats 1 kg,Quaker,,,255.00,270.00,15.00,1000,10,,,SMSKU-000313,
store_1,SNAP0000000314,Saffola Masala Oats Classic Masala 39 g,Saffola,,,25.00,25.00,0.00,39,22,,,SMSKU-000314,
store_1,SNAP0000000315,Saffola Masala Oats Classic Masala 500 g,Saffola,,,180.00,190.00,10.00,500,10,,,SMSKU-000315,
store_1,SNAP0000000316,Bagrry&apos;s Muesli with Cranberries 500 g,Bagrry&apos;s,,,335.00,350.00,15.00,500,8,,,SMSKU-000316,
store_1,SNAP0000000317,Yoga Bar Muesli Dark Chocolate 400 g,Yoga Bar,,,310.00,325.00,15.00,400,6,,,SMSKU-000317,
store_1,SNAP0000000318,True Elements Granola Honey Crunch 450 g,True Elements,,,360.00,380.00,20.00,450,5,,,SMSKU-000318,
store_1,SNAP0000000319,Kissan Fresh Tomato Ketchup 200 g,Kissan,,,50.00,52.00,2.00,200,22,,,SMSKU-000319,
store_1,SNAP0000000320,Kissan Fresh Tomato Ketchup 500 g,Kissan,,,110.00,115.00,5.00,500,14,,,SMSKU-000320,
store_1,SNAP0000000321,Kissan Fresh Tomato Ketchup 1 kg,Kissan,,,200.00,210.00,10.00,1000,8,,,SMSKU-000321,
store_1,SNAP0000000322,Maggi Rich Tomato Ketchup 200 g,Maggi,,,45.00,48.00,3.00,200,20,,,SMSKU-000322,
store_1,SNAP0000000323,Maggi Rich Tomato Ketchup 500 g,Maggi,,,105.00,110.00,5.00,500,12,,,SMSKU-000323,
store_1,SNAP0000000324,Ching&apos;s Secret Green Chilli Sauce 200 g,Ching&apos;s Secret,,,52.00,55.00,3.00,200,16,,,SMSKU-000324,
store_1,SNAP0000000325,Ching&apos;s Secret Schezwan Chutney 250 g,Ching&apos;s Secret,,,92.00,98.00,6.00,250,12,,,SMSKU-000325,
store_1,SNAP0000000326,Veeba Tandoori Mayo 250 g,Veeba,,,85.00,89.00,4.00,250,10,,,SMSKU-000326,
store_1,SNAP0000000327,Veeba Chipotle Southwest Dressing 300 g,Veeba,,,115.00,120.00,5.00,300,8,,,SMSKU-000327,
store_1,SNAP0000000328,Priya Mango Pickle 300 g,Priya,,,80.00,85.00,5.00,300,14,,,SMSKU-000328,
store_1,SNAP0000000329,Priya Mango Pickle 500 g,Priya,,,122.00,130.00,8.00,500,8,,,SMSKU-000329,
store_1,SNAP0000000330,Mother&apos;s Recipe Lime Pickle 300 g,Mother&apos;s Recipe,,,85.00,90.00,5.00,300,12,,,SMSKU-000330,
store_1,SNAP0000000331,Mother&apos;s Recipe Mixed Pickle 300 g,Mother&apos;s Recipe,,,85.00,90.00,5.00,300,10,,,SMSKU-000331,
store_1,SNAP0000000332,Kissan Mixed Fruit Jam 200 g,Kissan,,,75.00,80.00,5.00,200,18,,,SMSKU-000332,
store_1,SNAP0000000333,Kissan Mixed Fruit Jam 500 g,Kissan,,,162.00,170.00,8.00,500,10,,,SMSKU-000333,
store_1,SNAP0000000334,Kissan Pineapple Jam 200 g,Kissan,,,75.00,80.00,5.00,200,14,,,SMSKU-000334,
store_1,SNAP0000000335,Sundrop Peanut Butter Creamy 200 g,Sundrop,,,122.00,130.00,8.00,200,10,,,SMSKU-000335,
store_1,SNAP0000000336,Sundrop Peanut Butter Creamy 462 g,Sundrop,,,260.00,275.00,15.00,462,5,,,SMSKU-000336,
store_1,SNAP0000000337,Nutella Hazelnut Cocoa Spread 350 g,Nutella,,,425.00,450.00,25.00,350,6,,,SMSKU-000337,
store_1,SNAP0000000338,Head &amp; Shoulders Anti-Dandruff Smooth &amp; Silky Shampoo 72 ml,Head &amp; Shoulders,,,80.00,85.00,5.00,72,20,,,SMSKU-000338,
store_1,SNAP0000000339,Head &amp; Shoulders Anti-Dandruff Smooth &amp; Silky Shampoo 180 ml,Head &amp; Shoulders,,,180.00,190.00,10.00,180,14,,,SMSKU-000339,
store_1,SNAP0000000340,Head &amp; Shoulders Anti-Dandruff Smooth &amp; Silky Shampoo 340 ml,Head &amp; Shoulders,,,330.00,350.00,20.00,340,8,,,SMSKU-000340,
store_1,SNAP0000000341,Dove Hair Fall Rescue Shampoo 80 ml,Dove,,,70.00,75.00,5.00,80,18,,,SMSKU-000341,
store_1,SNAP0000000342,Dove Hair Fall Rescue Shampoo 180 ml,Dove,,,168.00,178.00,10.00,180,12,,,SMSKU-000342,
store_1,SNAP0000000343,Dove Hair Fall Rescue Shampoo 340 ml,Dove,,,315.00,330.00,15.00,340,7,,,SMSKU-000343,
store_1,SNAP0000000344,Dove Intense Repair Conditioner 80 ml,Dove,,,78.00,82.00,4.00,80,14,,,SMSKU-000344,
store_1,SNAP0000000345,Dove Intense Repair Conditioner 175 ml,Dove,,,180.00,189.00,9.00,175,8,,,SMSKU-000345,
store_1,SNAP0000000346,Pantene Hair Fall Control Shampoo 72 ml,Pantene,,,72.00,75.00,3.00,72,16,,,SMSKU-000346,
store_1,SNAP0000000347,Pantene Hair Fall Control Shampoo 180 ml,Pantene,,,175.00,185.00,10.00,180,10,,,SMSKU-000347,
store_1,SNAP0000000348,Pantene Hair Fall Control Shampoo 340 ml,Pantene,,,325.00,340.00,15.00,340,6,,,SMSKU-000348,
store_1,SNAP0000000349,Clinic Plus Strong &amp; Long Shampoo 80 ml,Clinic Plus,,,50.00,52.00,2.00,80,22,,,SMSKU-000349,
store_1,SNAP0000000350,Clinic Plus Strong &amp; Long Shampoo 175 ml,Clinic Plus,,,102.00,108.00,6.00,175,14,,,SMSKU-000350,
store_1,SNAP0000000351,Clinic Plus Strong &amp; Long Shampoo 340 ml,Clinic Plus,,,188.00,198.00,10.00,340,8,,,SMSKU-000351,
store_1,SNAP0000000352,Sunsilk Lusciously Thick &amp; Long Shampoo 80 ml,Sunsilk,,,52.00,55.00,3.00,80,20,,,SMSKU-000352,
store_1,SNAP0000000353,Sunsilk Lusciously Thick &amp; Long Shampoo 180 ml,Sunsilk,,,108.00,115.00,7.00,180,12,,,SMSKU-000353,
store_1,SNAP0000000354,Sunsilk Lusciously Thick &amp; Long Shampoo 340 ml,Sunsilk,,,200.00,210.00,10.00,340,7,,,SMSKU-000354,
store_1,SNAP0000000355,TRESemme Keratin Smooth Shampoo 185 ml,TRESemme,,,228.00,240.00,12.00,185,10,,,SMSKU-000355,
store_1,SNAP0000000356,TRESemme Keratin Smooth Shampoo 580 ml,TRESemme,,,650.00,680.00,30.00,580,4,,,SMSKU-000356,
store_1,SNAP0000000357,Parachute Advansed Coconut Hair Oil 90 ml,Parachute,,,50.00,52.00,2.00,90,25,,,SMSKU-000357,
store_1,SNAP0000000358,Parachute Advansed Coconut Hair Oil 175 ml,Parachute,,,95.00,99.00,4.00,175,15,,,SMSKU-000358,
store_1,SNAP0000000359,Parachute Advansed Coconut Hair Oil 300 ml,Parachute,,,158.00,165.00,7.00,300,10,,,SMSKU-000359,
store_1,SNAP0000000360,Bajaj Almond Drops Almond Hair Oil 100 ml,Bajaj Almond Drops,,,80.00,85.00,5.00,100,18,,,SMSKU-000360,
store_1,SNAP0000000361,Bajaj Almond Drops Almond Hair Oil 200 ml,Bajaj Almond Drops,,,148.00,155.00,7.00,200,10,,,SMSKU-000361,
store_1,SNAP0000000362,Indulekha Bringha Hair Oil 100 ml,Indulekha,,,400.00,420.00,20.00,100,6,,,SMSKU-000362,
store_1,SNAP0000000363,Dove Cream Beauty Bar Soap 75 g,Dove,,,50.00,52.00,2.00,75,30,,,SMSKU-000363,
store_1,SNAP0000000364,Dove Cream Beauty Bar Soap 100 g,Dove,,,62.00,65.00,3.00,100,22,,,SMSKU-000364,
store_1,SNAP0000000365,Lux Soft Touch Bar Soap 75 g,Lux,,,36.00,38.00,2.00,75,28,,,SMSKU-000365,
store_1,SNAP0000000366,Lux Soft Touch Bar Soap 150 g,Lux,,,68.00,72.00,4.00,150,18,,,SMSKU-000366,
store_1,SNAP0000000367,Dettol Original Germ Protection Soap 75 g,Dettol,,,36.00,38.00,2.00,75,30,,,SMSKU-000367,
store_1,SNAP0000000368,Dettol Original Germ Protection Soap 125 g,Dettol,,,55.00,58.00,3.00,125,20,,,SMSKU-000368,
store_1,SNAP0000000369,Lifebuoy Total 10 Germ Protection Soap 100 g,Lifebuoy,,,33.00,35.00,2.00,100,30,,,SMSKU-000369,
store_1,SNAP0000000370,Lifebuoy Total 10 Germ Protection Soap 150 g,Lifebuoy,,,48.00,50.00,2.00,150,20,,,SMSKU-000370,
store_1,SNAP0000000371,Dove Deeply Nourishing Body Wash 250 ml,Dove,,,200.00,210.00,10.00,250,12,,,SMSKU-000371,
store_1,SNAP0000000372,Dove Deeply Nourishing Body Wash 500 ml,Dove,,,375.00,395.00,20.00,500,6,,,SMSKU-000372,
store_1,SNAP0000000373,Nivea Creme Soft Shower Gel 250 ml,Nivea,,,215.00,225.00,10.00,250,10,,,SMSKU-000373,
store_1,SNAP0000000374,Nivea Creme Soft Shower Gel 500 ml,Nivea,,,390.00,410.00,20.00,500,5,,,SMSKU-000374,
store_1,SNAP0000000375,Himalaya Neem Face Wash 50 ml,Himalaya,,,65.00,70.00,5.00,50,18,,,SMSKU-000375,
store_1,SNAP0000000376,Himalaya Neem Face Wash 100 ml,Himalaya,,,122.00,130.00,8.00,100,12,,,SMSKU-000376,
store_1,SNAP0000000377,Himalaya Neem Face Wash 150 ml,Himalaya,,,175.00,185.00,10.00,150,7,,,SMSKU-000377,
store_1,SNAP0000000378,Nivea Soft Moisturising Cream 50 ml,Nivea,,,132.00,140.00,8.00,50,14,,,SMSKU-000378,
store_1,SNAP0000000379,Nivea Soft Moisturising Cream 100 ml,Nivea,,,238.00,250.00,12.00,100,8,,,SMSKU-000379,
store_1,SNAP0000000380,Vaseline Intensive Care Deep Moisture Body Lotion 200 ml,Vaseline,,,185.00,195.00,10.00,200,10,,,SMSKU-000380,
store_1,SNAP0000000381,Vaseline Intensive Care Deep Moisture Body Lotion 400 ml,Vaseline,,,350.00,365.00,15.00,400,5,,,SMSKU-000381,
store_1,SNAP0000000382,Ponds White Beauty Sun Protection SPF 15 Cream 35 g,Ponds,,,118.00,125.00,7.00,35,12,,,SMSKU-000382,
store_1,SNAP0000000383,Dettol Original Liquid Handwash 200 ml,Dettol,,,80.00,85.00,5.00,200,20,,,SMSKU-000383,
store_1,SNAP0000000384,Dettol Original Liquid Handwash 750 ml,Dettol,,,165.00,175.00,10.00,750,10,,,SMSKU-000384,
store_1,SNAP0000000385,Colgate Strong Teeth Toothpaste 100 g,Colgate,,,52.00,56.00,4.00,100,30,,,SMSKU-000385,
store_1,SNAP0000000386,Colgate Strong Teeth Toothpaste 200 g,Colgate,,,98.00,104.00,6.00,200,18,,,SMSKU-000386,
store_1,SNAP0000000387,Colgate MaxFresh Blue Gel Toothpaste 80 g,Colgate,,,60.00,65.00,5.00,80,22,,,SMSKU-000387,
store_1,SNAP0000000388,Colgate MaxFresh Blue Gel Toothpaste 150 g,Colgate,,,108.00,115.00,7.00,150,14,,,SMSKU-000388,
store_1,SNAP0000000389,Colgate Total Charcoal Deep Clean Toothpaste 120 g,Colgate,,,115.00,120.00,5.00,120,16,,,SMSKU-000389,
store_1,SNAP0000000390,Pepsodent Germi Check Toothpaste 100 g,Pepsodent,,,45.00,48.00,3.00,100,25,,,SMSKU-000390,
store_1,SNAP0000000391,Pepsodent Germi Check Toothpaste 200 g,Pepsodent,,,85.00,90.00,5.00,200,15,,,SMSKU-000391,
store_1,SNAP0000000392,Sensodyne Sensitive Toothpaste Fresh Gel 75 g,Sensodyne,,,175.00,185.00,10.00,75,10,,,SMSKU-000392,
store_1,SNAP0000000393,Sensodyne Sensitive Toothpaste Fresh Gel 150 g,Sensodyne,,,330.00,345.00,15.00,150,5,,,SMSKU-000393,
store_1,SNAP0000000394,Closeup Ever Fresh Red Hot Gel 80 g,Closeup,,,50.00,52.00,2.00,80,20,,,SMSKU-000394,
store_1,SNAP0000000395,Closeup Ever Fresh Red Hot Gel 150 g,Closeup,,,90.00,95.00,5.00,150,12,,,SMSKU-000395,
store_1,SNAP0000000396,Oral-B Criss Cross Toothbrush Medium 1 pc,Oral-B,,,40.00,42.00,2.00,,30,,,SMSKU-000396,
store_1,SNAP0000000397,Oral-B Criss Cross Toothbrush Medium 4 pcs,Oral-B,,,148.00,155.00,7.00,,12,,,SMSKU-000397,
store_1,SNAP0000000398,Colgate Slim Soft Toothbrush 1 pc,Colgate,,,52.00,55.00,3.00,,25,,,SMSKU-000398,
store_1,SNAP0000000399,Listerine Cool Mint Mouthwash 250 ml,Listerine,,,110.00,115.00,5.00,250,14,,,SMSKU-000399,
store_1,SNAP0000000400,Listerine Cool Mint Mouthwash 500 ml,Listerine,,,200.00,210.00,10.00,500,6,,,SMSKU-000400,
store_1,SNAP0000000401,Johnson&apos;s Baby Baby Shampoo No More Tears 100 ml,Johnson&apos;s Baby,,,95.00,100.00,5.00,100,18,,,SMSKU-000401,
store_1,SNAP0000000402,Johnson&apos;s Baby Baby Shampoo No More Tears 200 ml,Johnson&apos;s Baby,,,175.00,185.00,10.00,200,10,,,SMSKU-000402,
store_1,SNAP0000000403,Johnson&apos;s Baby Baby Powder 100 g,Johnson&apos;s Baby,,,62.00,65.00,3.00,100,20,,,SMSKU-000403,
store_1,SNAP0000000404,Johnson&apos;s Baby Baby Powder 200 g,Johnson&apos;s Baby,,,115.00,120.00,5.00,200,14,,,SMSKU-000404,
store_1,SNAP0000000405,Johnson&apos;s Baby Baby Oil 100 ml,Johnson&apos;s Baby,,,90.00,95.00,5.00,100,16,,,SMSKU-000405,
store_1,SNAP0000000406,Johnson&apos;s Baby Baby Oil 200 ml,Johnson&apos;s Baby,,,168.00,175.00,7.00,200,10,,,SMSKU-000406,
store_1,SNAP0000000407,Himalaya Gentle Baby Wash 100 ml,Himalaya,,,105.00,110.00,5.00,100,14,,,SMSKU-000407,
store_1,SNAP0000000408,Himalaya Gentle Baby Wash 200 ml,Himalaya,,,185.00,195.00,10.00,200,8,,,SMSKU-000408,
store_1,SNAP0000000409,Himalaya Baby Diaper Rash Cream 50 g,Himalaya,,,138.00,145.00,7.00,50,10,,,SMSKU-000409,
store_1,SNAP0000000410,Pampers Active Baby Diapers (M) 66 pcs 66 pcs,Pampers,,,940.00,999.00,59.00,,8,,,SMSKU-000410,
store_1,SNAP0000000411,Pampers Active Baby Diapers (L) 50 pcs 50 pcs,Pampers,,,940.00,999.00,59.00,,6,,,SMSKU-000411,
store_1,SNAP0000000412,MamyPoko Pants Extra Absorb (M) 56 pcs 56 pcs,MamyPoko,,,899.00,949.00,50.00,,7,,,SMSKU-000412,
store_1,SNAP0000000413,MamyPoko Pants Extra Absorb (L) 46 pcs 46 pcs,MamyPoko,,,899.00,949.00,50.00,,5,,,SMSKU-000413,
store_1,SNAP0000000414,Cerelac Wheat Rice Mixed Fruit Baby Food 300 g,Cerelac,,,250.00,265.00,15.00,300,10,,,SMSKU-000414,
store_1,SNAP0000000415,Cerelac Wheat Apple Cherry Baby Food 300 g,Cerelac,,,250.00,265.00,15.00,300,8,,,SMSKU-000415,
store_1,SNAP0000000416,Vim Dishwash Liquid Gel Lemon 250 ml,Vim,,,50.00,52.00,2.00,250,25,,,SMSKU-000416,
store_1,SNAP0000000417,Vim Dishwash Liquid Gel Lemon 500 ml,Vim,,,95.00,99.00,4.00,500,15,,,SMSKU-000417,
store_1,SNAP0000000418,Vim Dishwash Liquid Gel Lemon 750 ml,Vim,,,138.00,145.00,7.00,750,8,,,SMSKU-000418,
store_1,SNAP0000000419,Vim Dishwash Bar Lemon 200 g,Vim,,,20.00,20.00,0.00,200,40,,,SMSKU-000419,
store_1,SNAP0000000420,Vim Dishwash Bar Lemon 600 g,Vim,,,48.00,50.00,2.00,600,25,,,SMSKU-000420,
store_1,SNAP0000000421,Prill Dishwash Liquid Lime 250 ml,Prill,,,46.00,48.00,2.00,250,20,,,SMSKU-000421,
store_1,SNAP0000000422,Prill Dishwash Liquid Lime 500 ml,Prill,,,85.00,90.00,5.00,500,12,,,SMSKU-000422,
store_1,SNAP0000000423,Surf Excel Easy Wash Detergent Powder 500 g,Surf Excel,,,52.00,55.00,3.00,500,25,,,SMSKU-000423,
store_1,SNAP0000000424,Surf Excel Easy Wash Detergent Powder 1 kg,Surf Excel,,,100.00,105.00,5.00,1000,18,,,SMSKU-000424,
store_1,SNAP0000000425,Surf Excel Easy Wash Detergent Powder 2 kg,Surf Excel,,,190.00,200.00,10.00,2000,10,,,SMSKU-000425,
store_1,SNAP0000000426,Surf Excel Matic Top Load Detergent Powder 500 g,Surf Excel,,,125.00,130.00,5.00,500,15,,,SMSKU-000426,
store_1,SNAP0000000427,Surf Excel Matic Top Load Detergent Powder 1 kg,Surf Excel,,,238.00,250.00,12.00,1000,8,,,SMSKU-000427,
store_1,SNAP0000000428,Surf Excel Matic Top Load Detergent Powder 2 kg,Surf Excel,,,460.00,480.00,20.00,2000,4,,,SMSKU-000428,
store_1,SNAP0000000429,Surf Excel Liquid Detergent Front Load 500 ml,Surf Excel,,,158.00,165.00,7.00,500,10,,,SMSKU-000429,
store_1,SNAP0000000430,Surf Excel Liquid Detergent Front Load 1 L,Surf Excel,,,295.00,310.00,15.00,1000,5,,,SMSKU-000430,
store_1,SNAP0000000431,Ariel Matic Front Load Detergent 500 g,Ariel,,,138.00,145.00,7.00,500,12,,,SMSKU-000431,
store_1,SNAP0000000432,Ariel Matic Front Load Detergent 1 kg,Ariel,,,262.00,275.00,13.00,1000,7,,,SMSKU-000432,
store_1,SNAP0000000433,Ariel Matic Front Load Detergent 2 kg,Ariel,,,505.00,530.00,25.00,2000,3,,,SMSKU-000433,
store_1,SNAP0000000434,Tide Plus Double Power Detergent 500 g,Tide,,,45.00,48.00,3.00,500,28,,,SMSKU-000434,
store_1,SNAP0000000435,Tide Plus Double Power Detergent 1 kg,Tide,,,85.00,90.00,5.00,1000,18,,,SMSKU-000435,
store_1,SNAP0000000436,Tide Plus Double Power Detergent 2 kg,Tide,,,162.00,170.00,8.00,2000,8,,,SMSKU-000436,
store_1,SNAP0000000437,Rin Detergent Bar 250 g,Rin,,,22.00,22.00,0.00,250,30,,,SMSKU-000437,
store_1,SNAP0000000438,Comfort After Wash Fabric Conditioner Blue 220 ml,Comfort,,,60.00,65.00,5.00,220,18,,,SMSKU-000438,
store_1,SNAP0000000439,Comfort After Wash Fabric Conditioner Blue 860 ml,Comfort,,,205.00,215.00,10.00,860,8,,,SMSKU-000439,
store_1,SNAP0000000440,Harpic Power Plus Toilet Cleaner Original 500 ml,Harpic,,,100.00,105.00,5.00,500,20,,,SMSKU-000440,
store_1,SNAP0000000441,Harpic Power Plus Toilet Cleaner Original 1 L,Harpic,,,185.00,195.00,10.00,1000,10,,,SMSKU-000441,
store_1,SNAP0000000442,Lizol Disinfectant Surface Cleaner Citrus 500 ml,Lizol,,,105.00,110.00,5.00,500,14,,,SMSKU-000442,
store_1,SNAP0000000443,Lizol Disinfectant Surface Cleaner Citrus 975 ml,Lizol,,,190.00,200.00,10.00,975,7,,,SMSKU-000443,
store_1,SNAP0000000444,Colin Glass &amp; Multisurface Cleaner 500 ml,Colin,,,90.00,95.00,5.00,500,12,,,SMSKU-000444,
store_1,SNAP0000000445,Domex Fresh Guard Ocean Fresh Disinfectant 500 ml,Domex,,,75.00,80.00,5.00,500,14,,,SMSKU-000445,
store_1,SNAP0000000446,Odonil Bathroom Air Freshener Blocks Jasmine 75 g,Odonil,,,52.00,55.00,3.00,75,18,,,SMSKU-000446,
store_1,SNAP0000000447,Good Knight Gold Flash Liquid Vapourizer Refill 45 ml,Good Knight,,,78.00,82.00,4.00,45,20,,,SMSKU-000447,
store_1,SNAP0000000448,All Out Ultra Liquid Vapourizer Refill 45 ml,All Out,,,76.00,80.00,4.00,45,18,,,SMSKU-000448,
store_1,SNAP0000000449,Scotch-Brite Scrub Pad Large 1 pc,Scotch-Brite,,,28.00,30.00,2.00,,35,,,SMSKU-000449,
store_1,SNAP0000000450,Britannia White Bread 400 g,Britannia,,,40.00,40.00,0.00,400,30,,,SMSKU-000450,
store_1,SNAP0000000451,Britannia Whole Wheat Bread 400 g,Britannia,,,45.00,45.00,0.00,400,25,,,SMSKU-000451,
store_1,SNAP0000000452,Harvest Gold White Sandwich Bread 300 g,Harvest Gold,,,35.00,35.00,0.00,300,22,,,SMSKU-000452,
store_1,SNAP0000000453,Harvest Gold Multigrain Bread 450 g,Harvest Gold,,,52.00,55.00,3.00,450,15,,,SMSKU-000453,
store_1,SNAP0000000454,Modern Brown Bread 400 g,Modern,,,40.00,42.00,2.00,400,18,,,SMSKU-000454,
store_1,SNAP0000000455,Britannia Milk Bread 400 g,Britannia,,,45.00,48.00,3.00,400,16,,,SMSKU-000455,
store_1,SNAP0000000456,English Oven Gourmet Burger Buns 4 pcs,English Oven,,,75.00,80.00,5.00,,10,,,SMSKU-000456,
store_1,SNAP0000000457,English Oven Pav Buns 6 pcs,English Oven,,,58.00,60.00,2.00,,12,,,SMSKU-000457,
store_1,SNAP0000000458,Cello Butterflow Ball Pen Blue (Pack of 10) 10 pcs,Cello,,,90.00,100.00,10.00,,15,,,SMSKU-000458,
store_1,SNAP0000000459,Reynolds Trimax Gel Pen Blue 1 pc,Reynolds,,,25.00,25.00,0.00,,30,,,SMSKU-000459,
store_1,SNAP0000000460,Classmate Spiral Notebook 200 Pages 1 pc,Classmate,,,75.00,80.00,5.00,,20,,,SMSKU-000460,
store_1,SNAP0000000461,Camlin Kokuyo Mechanical Pencil 0.7mm 1 pc,Camlin,,,38.00,40.00,2.00,,15,,,SMSKU-000461,
store_1,SNAP0000000462,Fevicol SH Squeeze Bottle Glue 200 g,Fevicol,,,90.00,95.00,5.00,200,12,,,SMSKU-000462,
store_1,SNAP0000000463,3M Post-it Notes Pad (100 Sheets) 100 pcs,3M,,,85.00,90.00,5.00,,10,,,SMSKU-000463,
store_1,SNAP0000000464,7UP Lemon Soft Drink 250 ml,7UP,,,20.00,20.00,0.00,250,30,,,SMSKU-000464,
store_1,SNAP0000000465,7UP Lemon Soft Drink 500 ml,7UP,,,40.00,40.00,0.00,500,20,,,SMSKU-000465,
store_1,SNAP0000000466,7UP Lemon Soft Drink 2 L,7UP,,,90.00,95.00,5.00,2000,8,,,SMSKU-000466,
store_1,SNAP0000000467,Mirinda Orange Soft Drink 250 ml,Mirinda,,,20.00,20.00,0.00,250,28,,,SMSKU-000467,
store_1,SNAP0000000468,Mirinda Orange Soft Drink 500 ml,Mirinda,,,40.00,40.00,0.00,500,18,,,SMSKU-000468,
store_1,SNAP0000000469,Mountain Dew Citrus Soft Drink 250 ml,Mountain Dew,,,20.00,20.00,0.00,250,25,,,SMSKU-000469,
store_1,SNAP0000000470,Mountain Dew Citrus Soft Drink 500 ml,Mountain Dew,,,40.00,40.00,0.00,500,16,,,SMSKU-000470,
store_1,SNAP0000000471,Mountain Dew Citrus Soft Drink 2 L,Mountain Dew,,,90.00,95.00,5.00,2000,7,,,SMSKU-000471,
store_1,SNAP0000000472,Real Guava Juice 200 ml,Real,,,28.00,30.00,2.00,200,18,,,SMSKU-000472,
store_1,SNAP0000000473,Real Guava Juice 1 L,Real,,,108.00,115.00,7.00,1000,8,,,SMSKU-000473,
store_1,SNAP0000000474,Minute Maid Pulpy Orange 400 ml,Minute Maid,,,42.00,45.00,3.00,400,16,,,SMSKU-000474,
store_1,SNAP0000000475,Minute Maid Pulpy Orange 1 L,Minute Maid,,,92.00,99.00,7.00,1000,8,,,SMSKU-000475,
store_1,SNAP0000000476,Paper Boat Chilled Shikanji 200 ml,Paper Boat,,,28.00,30.00,2.00,200,14,,,SMSKU-000476,
store_1,SNAP0000000477,Bisleri Mineral Water 500 ml,Bisleri,,,20.00,20.00,0.00,500,60,,,SMSKU-000477,
store_1,SNAP0000000478,Bisleri Mineral Water 1 L,Bisleri,,,30.00,30.00,0.00,1000,40,,,SMSKU-000478,
store_1,SNAP0000000479,Bisleri Mineral Water 2 L,Bisleri,,,48.00,50.00,2.00,2000,20,,,SMSKU-000479,
store_1,SNAP0000000480,Wagh Bakri Premium Leaf Tea 250 g,Wagh Bakri,,,138.00,145.00,7.00,250,15,,,SMSKU-000480,
store_1,SNAP0000000481,Wagh Bakri Premium Leaf Tea 500 g,Wagh Bakri,,,268.00,280.00,12.00,500,8,,,SMSKU-000481,
store_1,SNAP0000000482,MDH Rajma Masala 100 g,MDH,,,64.00,68.00,4.00,100,15,,,SMSKU-000482,
store_1,SNAP0000000483,Everest Pav Bhaji Masala 50 g,Everest,,,48.00,50.00,2.00,50,20,,,SMSKU-000483,
store_1,SNAP0000000484,Everest Pav Bhaji Masala 100 g,Everest,,,90.00,95.00,5.00,100,12,,,SMSKU-000484,
store_1,SNAP0000000485,Catch Garlic Powder 100 g,Catch,,,82.00,88.00,6.00,100,14,,,SMSKU-000485,
store_1,SNAP0000000486,Shan Biryani Masala Mix 65 g,Shan,,,68.00,72.00,4.00,65,10,,,SMSKU-000486,
store_1,SNAP0000000487,Haldiram&apos;s Chivda 400 g,Haldiram&apos;s,,,125.00,130.00,5.00,400,12,,,SMSKU-000487,
store_1,SNAP0000000488,Bikaji Bhujia 200 g,Bikaji,,,70.00,75.00,5.00,200,14,,,SMSKU-000488,
store_1,SNAP0000000489,Bikaji Bhujia 400 g,Bikaji,,,135.00,145.00,10.00,400,8,,,SMSKU-000489,
store_1,SNAP0000000490,Uncle Chipps Spicy Treat 26 g,Uncle Chipps,,,10.00,10.00,0.00,26,30,,,SMSKU-000490,
store_1,SNAP0000000491,Uncle Chipps Spicy Treat 52 g,Uncle Chipps,,,20.00,20.00,0.00,52,22,,,SMSKU-000491,
store_1,SNAP0000000492,Natkhat Puffed Rice Murmura 200 g,Natkhat,,,28.00,30.00,2.00,200,20,,,SMSKU-000492,
store_1,SNAP0000000493,Parle Hide &amp; Seek Chocolate Biscuits 100 g,Parle,,,33.00,35.00,2.00,100,22,,,SMSKU-000493,
store_1,SNAP0000000494,Parle Hide &amp; Seek Chocolate Biscuits 200 g,Parle,,,62.00,65.00,3.00,200,14,,,SMSKU-000494,
store_1,SNAP0000000495,Britannia Good Day Butter Cookies 200 g,Britannia,,,52.00,55.00,3.00,200,18,,,SMSKU-000495,
store_1,SNAP0000000496,Parle 20-20 Cashew &amp; Badam Biscuits 150 g,Parle,,,38.00,40.00,2.00,150,15,,,SMSKU-000496,
store_1,SNAP0000000497,Amul Milk Chocolate Bar 150 g,Amul,,,158.00,165.00,7.00,150,12,,,SMSKU-000497,
store_1,SNAP0000000498,Cadbury Bournville Dark Chocolate 80 g,Cadbury,,,133.00,140.00,7.00,80,10,,,SMSKU-000498,
store_1,SNAP0000000499,Munch Crispier Chocolate Bar 18 g,Munch,,,10.00,10.00,0.00,18,35,,,SMSKU-000499,
store_1,SNAP0000000500,Dabur Honey 250 g,Dabur,,,175.00,185.00,10.00,250,14,,,SMSKU-000500,
store_1,SNAP0000000501,Dabur Honey 500 g,Dabur,,,345.00,360.00,15.00,500,8,,,SMSKU-000501,
store_1,SNAP0000000502,Apis Himalayan Honey 250 g,Apis,,,165.00,175.00,10.00,250,10,,,SMSKU-000502,
store_1,SNAP0000000503,Happilo Premium Cashews 100 g,Happilo,,,165.00,175.00,10.00,100,12,,,SMSKU-000503,
store_1,SNAP0000000504,Happilo Premium Cashews 200 g,Happilo,,,325.00,340.00,15.00,200,6,,,SMSKU-000504,
store_1,SNAP0000000505,Happilo Premium Almonds 100 g,Happilo,,,148.00,155.00,7.00,100,12,,,SMSKU-000505,
store_1,SNAP0000000506,Happilo Premium Almonds 200 g,Happilo,,,285.00,300.00,15.00,200,6,,,SMSKU-000506,
store_1,SNAP0000000507,Nutraj Mixed Nuts 200 g,Nutraj,,,280.00,295.00,15.00,200,8,,,SMSKU-000507,
store_1,SNAP0000000508,Parachute Coconut Oil Jar 500 ml,Parachute,,,185.00,195.00,10.00,500,12,,,SMSKU-000508,
store_1,SNAP0000000509,Parachute Coconut Oil Jar 1 L,Parachute,,,358.00,375.00,17.00,1000,6,,,SMSKU-000509,
store_1,SNAP0000000510,Fortune Soyabean Refined Oil 1 L,Fortune,,,125.00,130.00,5.00,1000,18,,,SMSKU-000510,
store_1,SNAP0000000511,Fortune Soyabean Refined Oil 5 L,Fortune,,,595.00,620.00,25.00,5000,6,,,SMSKU-000511,
store_1,SNAP0000000512,Garnier Fructis Long &amp; Strong Shampoo 175 ml,Garnier,,,190.00,199.00,9.00,175,10,,,SMSKU-000512,
store_1,SNAP0000000513,Garnier Fructis Long &amp; Strong Shampoo 340 ml,Garnier,,,362.00,380.00,18.00,340,5,,,SMSKU-000513,
store_1,SNAP0000000514,WOW Onion Black Seed Hair Oil 100 ml,WOW,,,330.00,349.00,19.00,100,8,,,SMSKU-000514,
store_1,SNAP0000000515,Mamaearth Onion Shampoo for Hair Growth 250 ml,Mamaearth,,,330.00,349.00,19.00,250,7,,,SMSKU-000515,
store_1,SNAP0000000516,Dabur Red Toothpaste 100 g,Dabur,,,65.00,68.00,3.00,100,18,,,SMSKU-000516,
store_1,SNAP0000000517,Dabur Red Toothpaste 200 g,Dabur,,,122.00,128.00,6.00,200,10,,,SMSKU-000517,
store_1,SNAP0000000518,Himalaya Complete Care Toothpaste 80 g,Himalaya,,,58.00,62.00,4.00,80,16,,,SMSKU-000518,
store_1,SNAP0000000519,Himalaya Complete Care Toothpaste 150 g,Himalaya,,,106.00,112.00,6.00,150,10,,,SMSKU-000519,
store_1,SNAP0000000520,Rin Advanced Powder Detergent 500 g,Rin,,,40.00,42.00,2.00,500,25,,,SMSKU-000520,
store_1,SNAP0000000521,Rin Advanced Powder Detergent 1 kg,Rin,,,76.00,80.00,4.00,1000,16,,,SMSKU-000521,
store_1,SNAP0000000522,Rin Advanced Powder Detergent 2 kg,Rin,,,148.00,155.00,7.00,2000,8,,,SMSKU-000522,
store_1,SNAP0000000523,Wheel Active 3 Detergent Powder 500 g,Wheel,,,30.00,30.00,0.00,500,30,,,SMSKU-000523,
store_1,SNAP0000000524,Wheel Active 3 Detergent Powder 2 kg,Wheel,,,105.00,110.00,5.00,2000,14,,,SMSKU-000524,
store_1,SNAP0000000525,Lizol Pine Fresh Floor Cleaner 500 ml,Lizol,,,105.00,110.00,5.00,500,14,,,SMSKU-000525,
store_1,SNAP0000000526,Exo Dishwash Bar 200 g,Exo,,,20.00,22.00,2.00,200,30,,,SMSKU-000526,
store_1,SNAP0000000527,Exo Dishwash Bar 600 g,Exo,,,55.00,58.00,3.00,600,15,,,SMSKU-000527,
store_1,SNAP0000000528,HIT Mosquito &amp; Fly Killer Spray 200 ml,HIT,,,148.00,155.00,7.00,200,12,,,SMSKU-000528,
store_1,SNAP0000000529,Mortein Power Guard Mosquito Coil 10 pcs,Mortein,,,45.00,48.00,3.00,,20,,,SMSKU-000529,
store_1,SNAP0000000530,Milky Mist Paneer 200 g,Milky Mist,,,88.00,92.00,4.00,200,14,,,SMSKU-000530,
store_1,SNAP0000000531,Milky Mist Paneer 500 g,Milky Mist,,,210.00,220.00,10.00,500,7,,,SMSKU-000531,
store_1,SNAP0000000532,Amul Masti Spiced Buttermilk 200 ml,Amul,,,18.00,18.00,0.00,200,35,,,SMSKU-000532,
store_1,SNAP0000000533,Maggi Masala Oats Veggie 39 g,Maggi,,,25.00,25.00,0.00,39,20,,,SMSKU-000533,
store_1,SNAP0000000534,MTR Ready to Eat Chole 300 g,MTR,,,92.00,99.00,7.00,300,10,,,SMSKU-000534,
store_1,SNAP0000000535,Gits Gulab Jamun Mix 500 g,Gits,,,115.00,120.00,5.00,500,10,,,SMSKU-000535,
store_1,SNAP0000000536,Gits Dosa Mix 500 g,Gits,,,115.00,120.00,5.00,500,12,,,SMSKU-000536,
store_1,SNAP0000000537,Bagrry&apos;s White Oats Quick Cook 400 g,Bagrry&apos;s,,,155.00,165.00,10.00,400,10,,,SMSKU-000537,
store_1,SNAP0000000538,Bagrry&apos;s White Oats Quick Cook 1 kg,Bagrry&apos;s,,,365.00,385.00,20.00,1000,5,,,SMSKU-000538,
store_1,SNAP0000000539,Quaker Oats Plus 5 Protein Cereals 500 g,Quaker,,,200.00,210.00,10.00,500,8,,,SMSKU-000539,
store_1,SNAP0000000540,Maggi Hot &amp; Sweet Tomato Sauce 200 g,Maggi,,,52.00,55.00,3.00,200,14,,,SMSKU-000540,
store_1,SNAP0000000541,Maggi Hot &amp; Sweet Tomato Sauce 400 g,Maggi,,,94.00,99.00,5.00,400,8,,,SMSKU-000541,
store_1,SNAP0000000542,Dr. Oetker Funfoods Eggless Mayonnaise 275 g,Dr. Oetker,,,125.00,130.00,5.00,275,10,,,SMSKU-000542,
store_1,SNAP0000000543,Heinz Tomato Ketchup 300 g,Heinz,,,138.00,145.00,7.00,300,10,,,SMSKU-000543,
store_1,SNAP0000000544,Heinz Tomato Ketchup 900 g,Heinz,,,375.00,390.00,15.00,900,4,,,SMSKU-000544,
store_1,SNAP0000000545,Huggies Soft Skin Baby Wipes 80 pcs,Huggies,,,190.00,199.00,9.00,,10,,,SMSKU-000545,
store_1,SNAP0000000546,Himalaya Baby Lotion 200 ml,Himalaya,,,168.00,175.00,7.00,200,10,,,SMSKU-000546,
store_1,SNAP0000000547,Himalaya Baby Lotion 400 ml,Himalaya,,,305.00,320.00,15.00,400,5,,,SMSKU-000547,
